ISO3,COUNTRY,CONTINENT,REGION,POPULATION,POP. DENSITY (LOG),GDP (USD),GDP PER CAPITA,GOV. EFFECTIVENESS,BUILDINGS TOTAL,center_lat,center_lon,zoom
ABW,Aruba,North America,Caribbean Central America,106537.0,6.383287016174988,3126019385.0,29342.1,82.86,22860.0,12.52088881,-69.98267466,8.657523624709448
AFG,Afghanistan,Asia,South Asia,40099462.0,4.118711918670395,14583135237.0,363.67,5.24,5421880.0,33.83523216,66.00473115,4.450361276047666
AGO,Angola,Africa,Africa,34503774.0,3.3207101307494686,65685435100.0,1903.72,12.38,6979203.0,-12.29336112,17.53736149,4.504951976289193
AIA,Anguilla,North America,Caribbean Central America,,,,,,3661.0,18.22396692,-63.06498464,7.902848282708841
ALB,Albania,Europe,Europe,2811666.0,4.631032845513819,17930565119.0,6377.2,50.95,643617.800000325,41.14245128,20.04983034,6.013445179138096
AND,Andorra,Europe,Europe,79034.0,5.124915907128641,3325145407.0,42072.34,97.14,18074.257752666665,42.54229174,1.56053368,8.143425044804127
ARE,United Arab Emirates,Asia,Middle East,9365145.0,4.881816588819608,415022000000.0,44315.55,89.52,683985.0,23.90527175,54.30015737,5.5463847109998365
ARG,Argentina,South America,South America,45808747.0,2.817801065061329,487227000000.0,10636.12,37.14,11869182.999996204,-35.38135347,-65.17980881,3.6134652237508407
ARM,Armenia,Asia,Middle East,2790974.0,4.585273554273635,13861409969.0,4966.51,40.0,652933.0,40.28952206,44.9299343,5.9654038530162
ASM,American Samoa,Oceania,Oceania,45035.0,5.416900082374984,709000000.0,15743.31,72.38,17676.0,-14.30448922,-170.7180186,5.870502463144764
ATG,Antigua and Barbuda,North America,Caribbean Central America,93219.0,5.35592567916835,1560518519.0,16740.35,44.29,25704.0,17.27754256,-61.7946956,7.421183359699696
AUS,Australia,Oceania,Oceania,25688079.0,1.205970806988609,1552700000000.0,60444.5,92.86,8767858.0,-25.73288736,134.4909988,3.285274738408356
AUT,Austria,Europe,Europe,8955797.0,4.687026632457924,480368000000.0,53637.71,93.81,2315642.1,47.58549847,14.12647809,5.086254785447547
AZE,Azerbaijan,Asia,Middle East,10137750.0,4.809416300197838,54825411765.0,5408.05,58.57,1541151.0,40.28827674,47.54599646,5.351329249022225
BDI,Burundi,Africa,Africa,12551213.0,6.1918511112995755,2775798697.0,221.16,8.57,2386911.0,-3.35939257,29.8751201,6.347734792866788
BEL,Belgium,Europe,Europe,11592952.0,5.94766938710831,594352000000.0,51268.39,83.33,3846462.774129248,50.63981435,4.64064572,5.769192607879902
BEN,Benin,Africa,Africa,12996895.0,4.747190446008521,17690083520.0,1361.1,42.86,2387142.0,9.6417533,2.32784527,5.295790572645905
BFA,Burkina Faso,Africa,Africa,22100683.0,4.391729410135267,19737616003.0,893.08,23.33,3709729.0,12.26953681,-1.7545684,5.049498363303512
BGD,Bangladesh,Asia,South Asia,169356251.0,7.170919223620192,416265000000.0,2457.92,27.62,32961987.0,23.86730412,90.23812793,5.345595665647284
BGR,Bulgaria,Europe,Europe,6877743.0,4.148674906767148,84061395658.0,12222.24,45.71,2193300.9,42.76889988,25.21552327,5.2840323455530696
BHR,Bahrain,Asia,Middle East,1463265.0,7.524145597559972,39303403989.0,26860.07,73.33,265434.0,26.04200845,50.54197759,7.9097402320703
BHS,Bahamas,North America,Caribbean Central America,407906.0,3.7074558396868715,11527600000.0,28260.43,67.62,102760.0,24.29031222,-76.62835738,5.193989679247311
BIH,Bosnia and Herzegovina,Europe,Europe,3270943.0,4.157162854614252,23649566069.0,7230.2,12.86,1098951.77,44.17449912,17.76876588,5.756276335129815
BLR,Belarus,Europe,Europe,9302585.0,3.8251570724064843,69673747132.0,7489.72,20.48,1716003.3371,53.53131155,28.03208711,4.86102526485141
BLZ,Belize,North America,Caribbean Central America,400031.0,2.864483986944037,2491500000.0,6228.27,32.86,59499.21791388679,17.20027475,-88.71010228,6.158199184066779
BOL,Bolivia,South America,South America,12079472.0,2.411439497906128,40408208524.0,3345.2,23.81,3159471.0,-16.70814536,-64.6853892,4.536436489499533
BRA,Brazil,South America,South America,214326223.0,3.2441536320524693,1649620000000.0,7696.79,33.81,61106775.2,-10.78777567,-53.09783199,3.308173355855745
BRB,Barbados,North America,Caribbean Central America,281200.0,6.483030895935161,4843800000.0,17225.46,69.05,78861.8,13.18145371,-59.55980198,8.34427477113653
BRN,Brunei,Asia,Southeast Asia,445373.0,4.436869870556391,14006497000.0,31448.91,90.48,62882.0,4.51968241,114.7220255,6.809055062795454
BTN,Bhutan,Asia,South Asia,777486.0,3.015044584586364,2539551327.0,3266.36,74.29,166566.0,27.4110619,90.401895,5.906416477900417
BWA,Botswana,Africa,Africa,2588423.0,1.5195132049061133,18737066307.0,7238.8,63.33,620466.0,-22.18402031,23.7985373,4.88027589962678
CAF,Central African Republic,Africa,Africa,5457154.0,2.1701959049483,2516498412.0,461.14,4.76,958460.0,6.56823003,20.46826364,4.548876065714249
CAN,Canada,North America,North America,38226498.0,1.4701758451005926,2001490000000.0,52358.62,94.29,10322361.0,61.36206827,-98.30775723,2.636226500667224
CHE,Switzerland,Europe,Europe,8703405.0,5.394944860131629,800640000000.0,91991.6,99.05,1901999.00000039,46.79785296,8.20866006,5.6112732714951505
CHL,Chile,South America,South America,19493184.0,3.2665224783355535,316714000000.0,16247.4,70.0,4352968.23532937,-37.73069754,-71.38255879,3.356008000765989
CHN,China,Asia,East Asia,1412360000.0,5.013564333602136,17820500000000.0,12617.5,75.71,218036068.54943,36.56176801,103.8190739,3.0043112104115703
CIV,Ivory Coast,Africa,Africa,27478249.0,4.4591034098533076,71811075955.0,2613.38,32.38,5127117.0,7.62842868,-5.56921598,5.264426565548307
CMR,Cameroon,Africa,Africa,27198628.0,4.052480358123402,45338285386.0,1666.93,16.19,5336855.0,5.69110296,12.73964266,4.6820303260985145
COD,Democratic Republic of the Congo,Africa,Africa,95894118.0,3.744787086052232,55350968593.0,577.21,3.33,17073510.0,-2.87746013,23.64395637,4.169862611768284
COG,Congo,Africa,Africa,5835806.0,2.8384934971274993,13366230821.0,2290.38,9.05,1268768.0,-0.83788172,15.21965722,4.951447783900831
COK,Cook Islands,Oceania,Oceania,,,,,,9982.0,-21.21926813,-159.7872415,4.553625150052808
COL,Colombia,South America,South America,51516562.0,3.8379458020318302,318512000000.0,6182.71,50.48,7132351.38559366,3.91383156,-73.08114936,4.237941565073897
COM,Comoros,Africa,Africa,821625.0,6.090178020044014,1296089479.0,1577.47,2.38,154922.0,-11.87777573,43.68238096,6.843500713385477
CPV,Cape Verde,Africa,Africa,587925.0,4.982852913083804,2091741774.0,3557.84,52.38,136174.0,15.95518822,-23.95990969,6.127002838305889
CRI,Costa Rica,North America,Caribbean Central America,5153957.0,4.614526280912116,64616482168.0,12537.26,59.52,1495263.8367908308,9.9763424,-84.19208786,5.378410241271151
CUB,Cuba,North America,Caribbean Central America,11256372.0,4.686197024630465,,,41.9,3344405.0,21.62290023,-79.01606913,4.736879191971639
CYM,Cayman Islands,North America,Caribbean Central America,68136.0,5.648622063478926,6028373541.0,88475.6,85.71,10522.0,19.42896455,-80.91213058,6.593304406804481
CYP,Cyprus,Europe,Europe,1244188.0,4.902678819257608,28408064462.0,31552.04,73.81,286612.83926019457,34.91666932,33.00600358,6.515083235260199
CZE,Czech Republic,Europe,Europe,10505772.0,4.913463382343982,281791000000.0,26822.51,81.43,2373220.31023,49.73341073,15.31240065,5.206759262044775
DEU,Germany,Europe,Europe,83196078.0,5.47277474828519,4259930000000.0,51203.55,87.14,19934827.3,51.10697903,10.38577693,4.902083026833717
DJI,Djibouti,Africa,Africa,1105557.0,3.864721732310133,3372287462.0,3050.31,19.05,161875.0,11.74872052,42.56067681,6.542434976916354
DMA,Dominica,North America,Caribbean Central America,72412.0,4.570061008874523,555266666.7,7668.16,48.1,18013.0,15.43947211,-61.35773122,7.957193048226098
DNK,Denmark,Europe,Europe,5856733.0,4.986479204218496,398303000000.0,68007.76,98.57,1686760.4632999997,55.98126391,10.02799418,5.163900472865249
DOM,Dominican Republic,North America,Caribbean Central America,11117873.0,5.454936425989619,94243426487.0,8476.75,51.9,2712518.2477458734,18.8943308,-70.50569086,5.814725088461723
DZA,Algeria,Africa,Africa,44177969.0,2.920469789053444,163472000000.0,3700.31,28.57,7139445.0,28.15893844,2.61732102,4.090197712145976
ECU,Ecuador,South America,South America,17797737.0,4.271932711876808,106166000000.0,5965.13,42.38,4216130.7999989465,-1.42381949,-78.75203573,4.297528122424013
EGY,Egypt,Africa,Africa,109262178.0,4.6982961639775755,424672000000.0,3886.72,34.76,24412979.0,26.49593108,29.8618993,4.615649463423166
ERI,Eritrea,Africa,Africa,3620312.0,3.398192872641857,,,4.29,726737.0,15.36186881,38.84615444,5.215832377548741
ESP,Spain,Europe,Europe,47415750.0,4.552612935249416,1427380000000.0,30103.51,78.1,10012608.851489844,40.24448626,-3.64754874,4.004266378886999
EST,Estonia,Europe,Europe,1330932.0,3.4381719844535166,37191166152.0,27943.7,88.57,234936.2402,58.67192416,25.54248555,5.26887181986582
ETH,Ethiopia,Africa,Africa,120283026.0,4.668895876868636,111262000000.0,925.0,29.05,25808325.0,8.62278417,39.6008014,4.410632128546397
FIN,Finland,Europe,Europe,5541017.0,2.9030685886905716,296388000000.0,53489.75,98.1,1338520.2903,64.49884844,26.27467024,4.7249663597529965
FJI,Fiji,Oceania,Oceania,924610.0,3.9241491852259864,4296235428.0,4646.54,72.86,188554.841171862,-17.4285609,165.4505548,1.2318693338759612
FRA,France,Europe,Europe,67749632.0,4.8181017722258845,2957880000000.0,43658.98,85.24,15346838.079751402,46.18700581,2.53618475,2.35023932897421
FSM,Micronesia,Oceania,Oceania,113131.0,5.085247900805301,404028900.0,3571.34,61.9,30412.0,7.4528106,153.2370612,3.899787882849406
GAB,Gabon,Africa,Africa,2341179.0,2.2071749081893874,20217946921.0,8635.8,19.52,529546.0,-0.58660329,11.78863005,5.283896826814766
GBR,United Kingdom,Europe,Europe,67026300.0,5.6241979953133585,3122480000000.0,46585.9,86.19,15475170.903176,54.12387156,-2.86563362,4.379556680219227
GEO,Georgia,Asia,Middle East,3708610.0,4.1725394098071575,18629365612.0,5023.27,70.95,926816.0,42.16855944,43.50778995,5.214549281258729
GHA,Ghana,Africa,Africa,32833031.0,4.971894465779825,79156409410.0,2410.88,44.76,8250634.0,7.95345124,-1.21676901,5.257650778275333
GIB,Gibraltar,Europe,Europe,32669.0,8.091596802011082,,,,5504.4345,,,10.604098800659015
GIN,Guinea,Africa,Africa,13531906.0,4.00860510327439,16091817842.0,1189.18,14.76,2108378.0,10.43621595,-10.94066379,5.113972493158304
GMB,Gambia,Africa,Africa,2639916.0,5.563983864942137,2038414974.0,772.15,27.14,294177.0,13.44965377,-15.39601809,6.015704843498695
GNB,Guinea Bissau,Africa,Africa,2060721.0,4.294287720365875,1638517607.0,795.12,7.14,239911.0,12.04744454,-14.94972941,5.997037138988769
GNQ,Equatorial Guinea,Africa,Africa,1634466.0,4.065087381154983,12269393392.0,7506.67,11.43,227738.0,1.70554042,10.34138898,5.373244113657467
GRC,Greece,Europe,Europe,10641221.0,4.413404170366137,214874000000.0,20192.6,67.14,3352094.8920203694,39.07466973,22.95556207,4.964668021924738
GRD,Grenada,North America,Caribbean Central America,124610.0,5.903998521326706,1122800000.0,9010.51,53.33,32998.0,12.1172555,-61.68219415,7.758725156927946
GTM,Guatemala,North America,Caribbean Central America,17109746.0,5.07310918535161,86053079767.0,5029.48,21.9,3036590.2,15.69404158,-90.36482288,5.710133645098251
GUM,Guam,Oceania,Oceania,170534.0,5.7551091018215415,6123000000.0,35904.86,72.38,36793.0,13.4416655,144.7679224,8.002072993089717
GUY,Guyana,South America,South America,804567.0,1.4085449700547104,8044498801.0,9998.54,40.95,129289.294,4.79378052,-58.98202596,5.120258559843971
HKG,Hong Kong,Asia,East Asia,7413100.0,8.862214494692925,368911000000.0,49764.79,93.33,40475.0,22.39828782,114.1137986,7.690736728086337
HND,Honduras,North America,Caribbean Central America,10278345.0,4.520265678897648,28488721296.0,2771.72,20.0,2117004.265023859,14.82688225,-86.61516846,5.2880595527573355
HRV,Croatia,Europe,Europe,3879000.0,4.238733464847405,68843674641.0,17747.79,69.52,1670020.5323457697,45.08047284,16.40413079,5.341943168719214
HTI,Haiti,North America,Caribbean Central America,11447569.0,6.029169689286631,20877414952.0,1823.74,0.95,2535991.088244304,18.93500961,-72.68527364,6.07063509474011
HUN,Hungary,Europe,Europe,9709891.0,4.667205576907544,182275000000.0,18772.14,70.48,2824069.187218667,47.16277712,19.39559381,5.20347055084741
IDN,Indonesia,Asia,Southeast Asia,273753191.0,4.974317031422144,1186510000000.0,4334.22,64.76,45631954.84697539,-2.21505018,117.2400976,3.290094845209744
IMN,Isle of Man,Europe,Europe,84263.0,4.996062964912999,,,,19908.9138,54.2241965,-4.53873822,7.855635195706901
IND,India,Asia,South Asia,1407563842.0,6.159982943758245,3150310000000.0,2238.13,60.95,232453234.0,22.88578035,79.61197355,3.7431592988601885
IRL,Ireland,Europe,Europe,5033165.0,4.291281021367136,504183000000.0,100172.08,91.9,1928803.531,53.1754426,-8.13793167,5.617310718845683
IRN,Iran,Asia,Middle East,87923432.0,3.9924963895780228,359097000000.0,4084.2,16.67,13947696.272766016,32.57503287,54.27407071,4.157621418486514
IRQ,Iraq,Asia,Middle East,43533592.0,4.607966273290093,207692000000.0,4770.84,9.52,6605393.0,33.03970511,43.74353204,4.837148921897341
ISL,Iceland,Europe,Europe,372520.0,1.3056264580524357,25552639899.0,68594.01,94.76,74069.82166666667,64.99575263,-18.57397086,4.716721250848609
ISR,Israel,Asia,Middle East,9364700.0,6.070160194056319,488527000000.0,52166.81,86.67,1198879.0,31.4611019,35.00444995,5.752639593797047
ITA,Italy,Europe,Europe,59109668.0,5.297767215242556,2114360000000.0,35770.05,64.29,12187747.042771798,42.79663568,12.07000946,4.640200629415427
JAM,Jamaica,North America,Caribbean Central America,2827695.0,5.5649034757050835,14657586359.0,5183.58,66.67,966620.58224141,18.15695476,-77.31482556,6.335586119065904
JOR,Jordan,Asia,Middle East,11148278.0,4.832704085603594,45116317042.0,4046.93,58.1,1273618.0,31.24579389,36.77137251,5.649496887857465
JPN,Japan,Asia,East Asia,125681593.0,5.842993540689164,5005540000000.0,39827.13,89.05,35173599.0,37.59230065,138.0308921,3.6824568578855956
KAZ,Kazakhstan,Asia,Central Asia,19000988.0,1.951608170169951,197112000000.0,10373.79,55.24,2701980.0,48.15687954,67.29149657,3.4081762887933724
KEN,Kenya,Africa,Africa,53005614.0,4.533996366533566,109704000000.0,2069.66,38.57,14370807.0,0.5998746,37.79594437,4.845035439754111
KGZ,Kyrgyzstan,Asia,Central Asia,6691800.0,3.5522002551986827,8740681889.0,1306.18,22.38,774790.0,41.46221785,74.54165548,4.717239883238758
KHM,Cambodia,Asia,Southeast Asia,16589023.0,4.54308199367467,26961061152.0,1625.24,34.29,3201484.0,12.72004932,104.9069431,5.450815243766381
KIR,Kiribati,Oceania,Oceania,128874.0,5.069532935343741,227610034.8,1766.14,56.19,26876.012576951,0.86052252,-45.6220913,1.256064331425085
KNA,Saint Kitts and Nevis,North America,Caribbean Central America,47606.0,5.210032451680465,860844444.4,18082.69,65.24,15336.0,17.26458594,-62.68754242,8.244059230131542
KOR,South Korea,Asia,East Asia,51744876.0,6.273197709832352,1810960000000.0,34997.78,90.0,8352447.0,36.3852463,127.8391693,5.137123011049197
KWT,Kuwait,Asia,Middle East,4250114.0,5.474369310328396,136797000000.0,32186.77,49.52,631992.0,29.33431677,47.58699362,6.475937665618707
LAO,Laos,Asia,Southeast Asia,7425057.0,3.471034341250935,18827148530.0,2535.62,30.95,1262901.0,18.50217971,103.7377213,4.9684709970597725
LBN,Lebanon,Asia,Middle East,5592631.0,6.303881914166074,23131941557.0,4136.15,10.0,564363.0,33.92306993,35.88016327,6.628186979692419
LBR,Liberia,Africa,Africa,5193416.0,3.987501466604052,3509000000.0,675.66,8.1,989164.0,6.45278273,-9.32207781,5.678574306276106
LBY,Libya,Africa,Africa,6735277.0,1.3428648031925547,39798423941.0,5908.95,3.81,1170717.0,27.03094247,18.00865782,4.3535606765676995
LCA,Saint Lucia,North America,Caribbean Central America,179651.0,5.685312958372539,1691259259.0,9414.14,48.1,49110.59349533004,13.8947837,-60.96969329,8.04124642451181
LIE,Liechtenstein,Europe,Europe,39039.0,5.497127240846794,7186428783.0,184083.32,91.43,14173.7941,47.13665447,9.53573593,8.676715345007324
LKA,Sri Lanka,Asia,South Asia,22156000.0,5.8809798139327105,88496535599.0,3994.25,49.05,4955156.0,7.61266309,80.70107795,5.755499702905268
LSO,Lesotho,Africa,Africa,2281454.0,4.319486116198983,2373416269.0,1040.31,15.24,549173.0,-29.5800467,28.22722773,6.228538750180546
LTU,Lithuania,Europe,Europe,2800839.0,3.8006444174447567,66414994992.0,23712.54,80.95,599223.3176,55.32611078,23.88720035,5.347071315067026
LUX,Luxembourg,Europe,Europe,640064.0,5.515925626363569,85506243834.0,133590.15,95.71,130887.0389,49.76724687,6.07182681,7.356672045294005
LVA,Latvia,Europe,Europe,1884490.0,3.410487428569248,39725383601.0,21080.18,76.67,383275.5478,56.85085306,24.9123704,5.13715442828987
MAC,Macau,Asia,East Asia,686607.0,9.943009662572498,30123795337.0,43873.42,82.86,4833.0,22.22310807,113.509331,9.277349117233001
MAR,Morocco,Africa,Africa,37076584.0,4.419803999007912,142867000000.0,3795.39,45.24,8258372.0,29.83762793,-8.45616045,4.346526303636232
MCO,Monaco,Europe,Europe,36686.0,9.7758615458883,8596156574.0,234317.08,99.52,10128.832478449349,43.75276115,7.40628055,9.753184549966294
MDA,Moldova,Europe,Europe,2615199.0,4.508438997028319,13692230147.0,5235.64,36.19,812623.3628248326,47.19499323,28.45673742,5.861307355900025
MDG,Madagascar,Africa,Africa,28915653.0,3.906004933102583,14554754115.0,503.35,13.81,6309469.0,-19.37189599,46.70473751,4.503871424614973
MEX,Mexico,North America,North America,126705138.0,4.177152673409416,1272840000000.0,10045.68,37.62,33868786.0,23.94753932,-102.5234504,3.6626599437537575
MHL,Marshall Islands,Oceania,Oceania,42050.0,5.453653058257005,259538700.0,6172.15,54.29,12123.0,7.00352799,170.3396364,4.81172474385501
MKD,Macedonia,Europe,Europe,2065092.0,4.405254760793088,13825049832.0,6694.64,47.14,493827.3208412305,41.59531059,21.68211343,6.17584928482158
MLI,Mali,Africa,Africa,21904983.0,2.8875901149342877,19309463506.0,881.51,10.95,3285182.0,17.34581461,-3.54268794,4.314627041063831
MLT,Malta,Europe,Europe,518536.0,7.3904406538838145,17743376199.0,34218.21,77.14,117256.727960719,35.92151315,14.40522042,8.076271893463863
MMR,Myanmar,Asia,Southeast Asia,53798084.0,4.411949448325136,65124769602.0,1210.54,7.62,12206733.0,21.18566514,96.48843207,4.186899672543239
MNE,Montenegro,Europe,Europe,619211.0,3.829510583853682,5861430526.0,9465.97,51.43,164940.75892910812,42.7889115,19.2388382,6.464794475565985
MNG,Mongolia,Asia,North Asia,3347782.0,0.7654678421395714,15286441740.0,4566.14,33.33,495170.47166886606,46.82681435,103.0529965,3.6468980565587534
MNP,Northern Mariana Islands,Oceania,Oceania,49481.0,4.678141798443914,,,,9044.0,15.82873009,145.6196188,5.254708630584398
MOZ,Mozambique,Africa,Africa,32077072.0,3.708436953329467,15776757420.0,491.84,25.24,6787369.0,-17.27381898,35.53367351,4.321224889940345
MRT,Mauritania,Africa,Africa,4614974.0,1.4996230464268938,9996240419.0,2166.04,22.86,1140073.0,20.25736926,-10.3477974,4.588171679524584
MSR,Montserrat,North America,Caribbean Central America,,,,,,2442.0,16.73941361,-62.18519807,9.05618213031639
MUS,Mauritius,Africa,Africa,1266334.0,6.452238210975027,11476433604.0,9062.72,76.19,345156.0,-20.2777156,57.57120758,4.796228915026924
MWI,Malawi,Africa,Africa,19889742.0,5.351668542045031,12602334124.0,633.61,21.43,4109539.0,-13.2180697,34.2893585,5.069751585614278
MYS,Malaysia,Asia,Southeast Asia,33573874.0,4.626833825624118,372981000000.0,11109.27,80.0,6582369.0,3.78987255,109.6976155,4.140768737228196
NAM,Namibia,Africa,Africa,2530151.0,1.1216775615991057,12446290855.0,4919.19,54.76,594812.0,-22.13030791,17.20962769,4.512165625255609
NCL,New Caledonia,Oceania,Oceania,274660.0,2.710048203764883,10071349707.0,36668.43,,61048.648611116,-21.29990206,165.6849208,5.073119125308554
NER,Niger,Africa,Africa,25252722.0,2.9927277645336923,14915002098.0,590.63,30.48,3969873.0,17.41912605,9.38546454,4.356863980663496
NGA,Nigeria,Africa,Africa,213401323.0,5.456645024927341,440834000000.0,2065.75,13.33,43703093.0,9.59411807,8.08944243,4.633162206180541
NIC,Nicaragua,North America,Caribbean Central America,6850540.0,4.0418224429629905,14145852101.0,2064.93,17.62,1403798.6870660712,12.84709633,-85.03052894,5.51654268578735
NIU,Niue,Oceania,Oceania,,,,,,1011.0,-19.0494623,-169.8699537,8.839959015286126
NLD,Netherlands,Europe,Europe,17533044.0,6.255231673258564,1011800000000.0,57708.11,96.19,5408690.974114268,52.10080804,5.2814735,2.792306861169825
NOR,Norway,Europe,Europe,5408320.0,2.6979998652487085,490293000000.0,90655.39,97.62,1761351.9637065637,68.75014407,15.34832968,2.210977220141741
NPL,Nepal,Asia,South Asia,30034989.0,5.344819200199456,36924841430.0,1229.39,15.71,5444476.0,28.24891362,83.9158367,5.021333110063329
NRU,Nauru,Oceania,Oceania,12511.0,6.438631262763409,145536603.2,11632.69,56.67,2589.02683933916,-0.51914199,166.9325852,9.90763407621191
NZL,New Zealand,Oceania,Oceania,5111400.0,2.9657883971809187,255552000000.0,49996.42,88.1,2348257.0,-41.81112825,171.4849539,1.2407925818628893
OMN,Oman,Asia,Middle East,4520471.0,2.681706225762608,88191977373.0,19509.47,46.67,986697.0,20.60515412,56.09165967,4.841366157840748
PAK,Pakistan,Asia,South Asia,231402117.0,5.704382294728169,348263000000.0,1505.01,35.71,34767998.0,29.94975221,69.33958027,4.332678688876329
PAN,Panama,North America,Caribbean Central America,4351267.0,4.071758063549305,67406738052.0,15491.29,57.14,997450.852710638,8.5175119,-80.11915152,5.3447213742920345
PER,Peru,South America,South America,33715471.0,3.271088696315135,223718000000.0,6635.46,39.52,8425566.4,-9.15280281,-74.38242889,4.210599548670007
PHL,Philippines,Asia,Southeast Asia,113880328.0,5.945237345741663,394087000000.0,3460.54,55.71,27087876.0,11.77539737,122.8839215,4.316634735569709
PLW,Palau,Oceania,Oceania,18024.0,3.6681664125163946,217800000.0,12083.89,65.71,5352.0,7.28760993,134.4082215,5.479447485819397
PNG,Papua New Guinea,Oceania,Oceania,9949437.0,3.089677886396519,26311656000.0,2644.54,17.14,2016257.1212266888,-6.46416276,145.2074492,4.402065526476818
POL,Poland,Europe,Europe,37747124.0,4.8147826030179495,679442000000.0,17999.83,61.43,7024719.4364,52.12759537,19.39011841,4.813466779682035
PRI,Puerto Rico,North America,Caribbean Central America,3262693.0,5.907620874912405,106369000000.0,32601.57,39.05,1404172.3,18.22812711,-66.47307314,6.127244544507059
PRK,North Korea,Asia,East Asia,25971909.0,5.373888553395111,,,6.19,2452126.0,40.15350291,127.1924781,5.247919516475113
PRT,Portugal,Europe,Europe,10325147.0,4.724818148253987,253983000000.0,24598.47,80.48,3629190.228806203,39.59550247,-8.50105506,3.8959443461643426
PRY,Paraguay,South America,South America,6703799.0,2.825536896557877,39950899733.0,5959.44,28.1,861034.4434590039,-23.22823896,-58.40014084,4.989138465244595
PSE,Palestine,Asia,Middle East,4922749.0,6.705700292497793,18109000000.0,3678.64,20.95,509527.5,31.9522,35.2332,6.801509384187009
QAT,Qatar,Asia,Middle East,2688235.0,5.455150160574825,179677000000.0,66838.33,81.9,303902.0,25.30600936,51.18478512,6.647825928296257
ROU,Romania,Europe,Europe,19119880.0,4.420044701861403,285405000000.0,14927.12,46.19,5507044.05,45.85242939,24.97293286,4.871246822713633
RUS,Russia,Asia,North Asia,143449286.0,2.1701959049483,1836890000000.0,12593.16,43.33,18730499.0,61.98052168,96.68657347,1.2318693338759612
RWA,Rwanda,Africa,Africa,13461888.0,6.302032723346464,11055281971.0,821.23,60.0,3169407.0,-1.99033199,29.91989113,6.409654986587734
SAU,Saudi Arabia,Asia,Middle East,35950396.0,2.8166056076565553,868586000000.0,24160.68,68.1,3208673.0,24.12245467,44.53687041,4.070369953965749
SDN,Sudan,Africa,Africa,45657202.0,3.1962211343033946,34229513775.0,749.71,5.71,7384914.0,15.99035431,29.94047226,4.296927685078673
SSD,South Sudan,Africa,Africa,10748272.0,2.8338014064077703,,,0.0,1843503.0,7.30877585,30.24790056,4.64993487080195
SEN,Senegal,Africa,Africa,16876720.0,4.473465694990663,27569136728.0,1633.56,53.81,1852265.0,14.36624381,-14.47348904,5.300178352472635
SGP,Singapore,Asia,Southeast Asia,5453566.0,8.935311245647718,423797000000.0,77710.07,100.0,110376.0,1.35877066,103.8172532,8.131223583863738
SLB,Solomon Islands,Oceania,Oceania,707851.0,3.2304090606818736,1580303517.0,2232.54,18.57,215122.252170287,-8.92175696,159.6328471,4.528866540765465
SLE,Sierra Leone,Africa,Africa,8420641.0,4.759263721325492,4249234574.0,504.62,11.9,1352634.0,8.56329069,-11.79271209,5.994152728139186
SLV,El Salvador,North America,Caribbean Central America,6314167.0,5.719458954041209,29451240000.0,4664.31,38.1,1616681.1402052997,13.73944008,-88.87164456,6.233550874395341
SOM,Somalia,Africa,Africa,17065581.0,3.3032169733019514,7628000011.0,446.98,1.43,2639835.0,4.75065195,45.70716243,4.501643661848525
SRB,Serbia,Europe,Europe,6834326.0,4.397776944765114,63082021206.0,9230.17,52.86,2340847.3870238094,44.22150308,20.78958121,5.697376064222601
STP,Sao Tome and Principe,Africa,Africa,223107.0,5.448460024977757,526653790.7,2360.54,24.29,52359.0,0.44390851,6.72429635,6.601766737763979
SUR,Suriname,South America,South America,612985.0,1.3686394258811698,2984706244.0,4869.13,26.67,47608.464011,4.13055377,-55.91234833,5.688124668093376
SVK,Slovakia,Europe,Europe,5447247.0,4.730039168033961,118657000000.0,21782.86,68.57,996409.9203405994,48.70547175,19.47905212,5.378357332455665
SVN,Slovenia,Europe,Europe,2108079.0,4.651003602331263,61748586535.0,29291.4,83.81,512089.38,46.11555444,14.8044464,5.970558124316383
SWE,Sweden,Europe,Europe,10415811.0,3.2414197893030954,636856000000.0,61143.22,95.24,2378711.247,62.79232016,16.74371219,4.501039130544879
SWZ,Eswatini,Africa,Africa,1192271.0,4.238733464847405,4748702401.0,3982.91,25.71,281260.0,,,6.660380621623198
SYC,Seychelles,Africa,Africa,99258.0,5.374259370123194,1286687873.0,12963.06,77.62,25105.0,-4.66097821,55.47601997,4.807412352216899
SYR,Syria,Asia,Middle East,21324367.0,4.754710253257667,,,2.86,3452230.0,35.02547248,38.50787939,5.222787316138965
TCA,Turks and Caicos Islands,North America,Caribbean Central America,45114.0,3.8605191625610304,1044778790.0,23158.64,,12202.0,21.83047424,-71.97385725,6.81608000922329
TCD,Chad,Africa,Africa,17179740.0,2.613006652415316,11779981332.0,685.69,6.67,2776700.0,15.33333336,18.64493211,4.346062795479703
TGO,Togo,Africa,Africa,8644829.0,5.068526772512033,8334047486.0,964.05,26.19,1850304.0,8.52529798,0.96232118,5.501661230847067
THA,Thailand,Asia,Southeast Asia,71601103.0,4.942713277610797,505568000000.0,7060.9,59.05,18350762.0,15.11816347,101.0028835,4.422325329184632
TJK,Tajikistan,Asia,Central Asia,9750064.0,4.2520603082138555,8937805347.0,916.69,29.52,890580.0,38.53045125,71.01363312,5.061105357776474
TKM,Turkmenistan,Asia,Central Asia,6341855.0,2.6026896854443837,,,14.29,537905.0,39.11554017,59.37099935,4.464160360930079
TLS,Timor Leste,Oceania,Southeast Asia,1320942.0,4.486724430781609,3621222400.0,2741.39,24.76,214343.658333312,-8.8288854,125.8443864,5.929153856957011
TON,Tonga,Oceania,Oceania,106017.0,4.992131822531696,469228124.2,4425.97,62.86,32722.0,-20.42814141,-174.8097544,5.20409997450384
TTO,Trinidad and Tobago,North America,Caribbean Central America,1525663.0,5.6950780340260545,24460196270.0,16032.5,57.62,393302.3756508848,10.45735757,-61.26565805,6.7767863955469805
TUN,Tunisia,Africa,Africa,12262946.0,4.368561383720311,46687298709.0,3807.18,43.81,2891439.0,34.11956663,9.55288287,5.155586059145139
TUR,Turkey,Asia,Europe,84775404.0,4.7018430732483525,819034000000.0,9661.23,48.57,9322482.0,39.06160342,35.16895529,4.165997934687379
TUV,Tuvalu,Oceania,Oceania,11204.0,5.9228376800618046,60196366.81,5372.76,36.67,2795.0,-7.76005828,178.5198949,5.787854158662965
TWN,Taiwan,Asia,East Asia,,,,,,1959793.0,23.75400343,120.9542726,5.802683698588122
TZA,Tanzania,Africa,Africa,63588334.0,4.273745190588392,70655628141.0,1146.03,30.0,12559539.0,-6.27565815,34.81310214,4.708476507563541
UGA,Uganda,Africa,Africa,45853778.0,5.432279916211003,40510241366.0,883.47,31.43,9889503.0,1.27469024,32.36907536,5.3784027020381835
UKR,Ukraine,Europe,Europe,43792855.0,4.325191697921343,199766000000.0,4827.85,35.24,12653707.974790998,48.99656784,31.38325794,4.226119190752703
URY,Uruguay,South America,South America,3426260.0,2.9745086371023644,61412268249.0,17924.0,75.24,501016.576489423,-32.79951982,-56.01806795,5.4448989027830414
USA,United States of America,North America,North America,332031554.0,3.591817741270805,23315100000000.0,70219.47,87.62,115550686.49,45.67955203,-112.4616706,1.2348614767741264
UZB,Uzbekistan,Asia,Central Asia,34915100.0,4.372355014977151,69600614989.0,1993.42,40.48,4914142.0,41.75554081,63.14001799,4.27464651671805
VCT,Saint Vincent and the Grenadines,North America,Caribbean Central America,104332.0,5.589194329896337,872226063.7,8360.1,62.38,29158.0,13.22471841,-61.20129438,7.346614994659231
VEN,Venezuela,South America,South America,28199867.0,3.4647979630717503,92000000000.0,3470.0,1.9,7116917.799999744,7.12422395,-66.18184085,4.406354020003668
VGB,British Virgin Islands,North America,Caribbean Central America,31122.0,5.335034949483199,,,,8084.0,18.52593375,-64.47140241,7.804631229121544
VIR,US Virgin Islands,North America,Caribbean Central America,105870.0,5.712048219073234,,,72.38,42887.1,17.95501398,-64.80300497,7.469188106199393
VNM,Vietnam,Asia,Southeast Asia,97468029.0,5.73969644450387,366138000000.0,3756.49,60.48,20788858.0,16.64601451,106.2991386,4.423299117488047
VUT,Vanuatu,Oceania,Oceania,319137.0,3.264995760481754,971636097.9,3044.57,31.9,96142.477043677,-16.22630588,167.6863674,5.145528062203011
WSM,Samoa,Oceania,Oceania,218764.0,4.365516082546892,843850777.8,3857.36,66.19,46489.0,-13.75327339,-172.1648148,6.821661643390508
YEM,Yemen,Asia,Middle East,32981641.0,4.134686441505479,,603.71,0.48,4378479.0,15.90927655,47.58676005,4.63352119163006
ZAF,South Africa,Africa,Africa,59392255.0,3.8910036382040705,419016000000.0,7055.06,50.0,18400135.0,-29.0003377,25.08388384,3.905546251249439
ZMB,Zambia,Africa,Africa,19473125.0,3.265759410767051,22147649569.0,1137.34,18.1,3571885.0,-13.45824537,27.77475082,4.658869688033286
ZWE,Zimbabwe,Africa,Africa,15993524.0,3.7218305542536223,28371238666.0,1773.92,10.48,3623027.0,-19.00420587,29.85145031,5.060854322308214
